<?xml version="1.0"?>
<!--<!DOCTYPE metadata SYSTEM "http://www.esri.com/metadata/esriprof80.dtd">-->
<metadata xml:lang="en"><Esri><MetaID>{5DC1E6FC-638D-4A19-A7A5-5FCE8C7A2FED}</MetaID><CreaDate>20080905</CreaDate><CreaTime>19322500</CreaTime><SyncOnce>TRUE</SyncOnce><DataProperties><lineage><Process ToolSource="C:\Program Files\ArcGIS\ArcToolbox\Toolboxes\Spatial Analyst Tools.tbx\MajorityFilter" Date="20080905" Time="193225">MajorityFilter w_area8 D:\personal_soft\Courses\USF_courses\EAGIS_grad\2008\Week3\lab2\Lab2_data\partc\w_area9 EIGHT MAJORITY</Process></lineage></DataProperties></Esri></metadata>
