<?xml version="1.0"?>
<!--<!DOCTYPE metadata SYSTEM "http://www.esri.com/metadata/esriprof80.dtd">-->
<metadata xml:lang="en"><Esri><MetaID>{299678F2-0659-4281-B63F-5C75590099B1}</MetaID><CreaDate>20080905</CreaDate><CreaTime>10371200</CreaTime><SyncOnce>TRUE</SyncOnce><DataProperties><lineage><Process ToolSource="C:\Program Files\ArcGIS\ArcToolbox\Toolboxes\Spatial Analyst Tools.tbx\EucDistance" Date="20080905" Time="103712">EucDistance campsites D:\personal_soft\Courses\USF_courses\EAGIS_grad\2008\Week3\lab2\Lab2_data\partc\EucDist_camp2 # 100 #</Process></lineage></DataProperties></Esri></metadata>
