<?xml version="1.0" encoding="UTF-8"?>
<metadata xml:lang="en"><Esri><CreaDate>20120926</CreaDate><CreaTime>10194300</CreaTime><SyncOnce>TRUE</SyncOnce><DataProperties><itemProps><itemLocation><linkage Sync="TRUE">file://\\gissde.nrel.gov\data\data\GIS_Data_Catalog\NAM\Country\US\e_res\solar\new_folder_structure\nsrdb\cpr\9809\us9809_dni</linkage><protocol Sync="TRUE">Local Area Network</protocol></itemLocation></itemProps><copyHistory><copy source="C:\Users\alopez\Documents\win_work\irradiance_grid\us9809_dni" dest="\\gissde.nrel.gov\data\data\GIS_Data_Catalog\NAM\Country\US\e_res\solar\new_folder_structure\nsrdb\cpr\9809\us9809_dni" date="20120926" time="10194300"></copy></copyHistory></DataProperties></Esri><idinfo><ptcontac><cntinfo><cntperp><cntper>Anthony Lopez</cntper><cntorg>NREL</cntorg></cntperp><cntpos>GIS Scientist</cntpos><cntemail>anthony.lopez@nrel.gov</cntemail></cntinfo></ptcontac><citation><citeinfo><othercit>Perez, R., P. Ineichen, K. Moore, M.Kmiecik, C. Chain, R. George and F. Vignola (2002): A New Operational Satellite-to-Irradiance Model. Solar Energy</othercit></citeinfo></citation><descript><abstract>Monthly and annual average direct normal irradiance for Hawaii and the contiguous United States.</abstract><purpose>Provides information on solar resource potential.</purpose><supplinf>This data provides monthly average and annual average daily total solar resource averaged over surface cells of 0.1 degrees in both latitude and longitude, or about 10 km in size. This data was developed using the State University of New York/Albany satellite radiation model. This model was developed by Dr. Richard Perez and collaborators at the National Renewable Energy Laboratory and other universities for the U.S. Department of Energy. Specific information about this model can be found in Perez, et al. (2002). This model uses hourly radiance images from geostationary weather satellites, daily snow cover data, and monthly averages of atmospheric water vapor, trace gases, and the amount of aerosols in the atmosphere to calculate the hourly total insolation (sun and sky) falling on a horizontal surface. Atmospheric water vapor, trace gases, and aerosols are derived from a variety of sources. A modified Bird model is used to calculate clear sky direct normal (DNI). This is then adjusted as a function of the ratio of clear sky global horizontal (GHI) and the model predicted GHI. Where possible, existing ground measurement stations are used to validate the data. Nevertheless, there is uncertainty associated with the meterological input to the model, since some of the input parameters are not avalable at a 10km resolution. As a result, it is believed that the modeled values are accurate to approximately 15% of a true measured value within the grid cell. Due to terrain effects and other microclimate influences, the local cloud cover can vary significantly even within a single grid cell. Furthermore, the uncertainty of the modeled estimates increase with distance from reliable measurement sources and with the complexity of the terrain.</supplinf></descript><timeperd><timeinfo><rngdates><begdate>01-01-1998</begdate><begtime>0 Z</begtime><enddate>12-31-2009</enddate><endtime>23 Z</endtime></rngdates></timeinfo><current>ground condition</current></timeperd><status><progress>Complete</progress><update>As needed</update></status><accconst>None</accconst><useconst>This GIS data was developed by the National Renewable Energy Laboratory ("NREL"), which is operated by the Alliance for Sustainable Energy, LLC for the U.S. Department of Energy ("DOE"). The user is granted the right, without any fee or cost, to use, copy, modify, alter, enhance and distribute this data for any purpose whatsoever, provided that this entire notice appears in all copies of the data. Further, the user of this data agrees to credit NREL in any publications or software that incorporate or use the data. 
Access to and use of the GIS data shall further impose the following obligations on the User. The names DOE/NREL may not be used in any advertising or publicity to endorse or promote any product or commercial entity using or incorporating the GIS data unless specific written authorization is obtained from DOE/NREL. The User also understands that DOE/NREL shall not be obligated to provide updates, support, consulting, training or assistance of any kind whatsoever with regard to the use of the GIS data. 
THE GIS DATA IS PROVIDED "AS IS" AND ANY EXPRESS OR IMPLIED WARRANTIES, INCLUDING BUT NOT LIMITED TO, THE IMPLIED WARRANTIES OF MERCHANTABILITY AND FITNESS FOR A PARTICULAR PURPOSE ARE DISCLAIMED. IN NO EVENT SHALL DOE/NREL BE LIABLE FOR ANY SPECIAL, INDIRECT OR CONSEQUENTIAL DAMAGES OR ANY DAMAGES WHATSOEVER, INCLUDING BUT NOT LIMITED TO CLAIMS ASSOCIATED WITH THE LOSS OF DATA OR PROFITS, WHICH MAY RESULT FROM AN ACTION IN CONTRACT, NEGLIGENCE OR OTHER TORTIOUS CLAIM THAT ARISES OUT OF OR IN CONNECTION WITH THE ACCESS OR USE OF THE GIS DATA. 
The User acknowledges that access to the GIS data is subject to U.S. Export laws and regulations and any use or transfer of the GIS data must be authorized under those regulations. The User shall not use, distribute, transfer, or transmit GIS data or any products incorporating the GIS data except in compliance with U.S. export regulations. If requested by DOE/NREL, the User agrees to sign written assurances and other export-related documentation as may be required to comply with U.S. export regulations.</useconst><datacred>NREL</datacred><native>Linux; PostGIS 1.5</native><keywords><place><placekey>Lower 48</placekey><placekey>Contiguous United States</placekey><placekey>Hawaii</placekey><placekey>United States</placekey></place><temporal><tempkey>1998 to 2009</tempkey></temporal><theme><themekey>Direct Normal Irradiance</themekey><themekey>DNI</themekey><themekey>Solar Resource</themekey></theme></keywords><spdom><bounding><westbc>-161</westbc><eastbc>-66.9</eastbc><northbc>49.4</northbc><southbc>18</southbc></bounding></spdom></idinfo><spdoinfo><direct>Vector</direct><ptvctinf><sdtsterm><sdtstype>G-polygon</sdtstype><ptvctcnt>91439</ptvctcnt></sdtsterm></ptvctinf></spdoinfo><eainfo><detailed><enttyp><enttypl>ANN_DNI</enttypl><enttypd>Annual average direct normal irradiance (kWh/m2/day)</enttypd></enttyp></detailed></eainfo><spref><horizsys><cordsysn><geogcsn>WGS_1984</geogcsn></cordsysn><geodetic><horizdn>WGS_1984</horizdn><ellips>WGS_1984</ellips><semiaxis>6378137</semiaxis><denflat>298.257224</denflat></geodetic></horizsys></spref><metainfo><metc><cntinfo><cntperp><cntper>Pamela Gray-Hann</cntper><cntorg>NREL</cntorg></cntperp><cntpos>GIS Analyst</cntpos><cntvoice>303-275-4626</cntvoice><cntemail>pamela.gray.hann@nrel.gov</cntemail></cntinfo></metc><metd>08-28-2012</metd><langmeta>English</langmeta><metstdn>FGDC Content Standards for Digital Geospatial Metadata</metstdn></metainfo><distinfo><resdesc>Downloadable data</resdesc></distinfo></metadata>
