<?xml version="1.0"?>
<!--<!DOCTYPE metadata SYSTEM "http://www.esri.com/metadata/esriprof80.dtd">-->
<metadata xml:lang="en"><Esri><CreaDate>20040913</CreaDate><CreaTime>11465300</CreaTime><SyncOnce>TRUE</SyncOnce><DataProperties><lineage><Process Name="FeatureclassToCoverage_2" ToolSource="C:\Program Files\ArcGIS\ArcToolbox\Toolboxes\Conversion Tools.tbx\FeatureclassToCoverage" Date="20040913" Time="102236">FeatureclassToCoverage "C:\partc\trails.shp ''" C:\partc\trails_cov # DOUBLE</Process></lineage></DataProperties><MetaID>{CEE85172-3A9C-432B-B1BA-4F5C9070595C}</MetaID></Esri><idinfo><citation><citeinfo><onlink Sync="TRUE"></onlink></citeinfo></citation></idinfo><distInfo><distributor><distorTran><onLineSrc><linkage Sync="TRUE">file://</linkage><protocol Sync="TRUE">Local Area Network</protocol></onLineSrc></distorTran></distributor></distInfo><dataqual><lineage><procstep><procdesc Sync="TRUE">Dataset copied.</procdesc><srcused Sync="TRUE"></srcused><date Sync="TRUE">20040913</date><time Sync="TRUE">11465300</time></procstep></lineage></dataqual></metadata>
