<?xml version="1.0"?>
<!--<!DOCTYPE metadata SYSTEM "http://www.esri.com/metadata/esriprof80.dtd">-->
<metadata xml:lang="en"><Esri><CreaDate>20030128</CreaDate><CreaTime>21434300</CreaTime><SyncOnce>TRUE</SyncOnce><MetaID>{3018DAEC-BBB4-453A-842D-23B1CD0A9FD8}</MetaID></Esri><idinfo><citation><citeinfo><onlink Sync="TRUE">\\U230180\C$\Geo6159\Labs_Data\lab2\wolves\lcov_yel</onlink></citeinfo></citation></idinfo><distInfo><distributor><distorTran><onLineSrc><linkage Sync="TRUE">file://\\U230180\C$\Geo6159\Labs_Data\lab2\wolves\lcov_yel</linkage><protocol Sync="TRUE">Local Area Network</protocol></onLineSrc></distorTran></distributor></distInfo><dataqual><lineage><procstep><procdesc Sync="TRUE">Dataset copied.</procdesc><srcused Sync="TRUE">C:\Geo6159\Labs_Data\lab2work\lab9\partb\lcov_yel</srcused><date Sync="TRUE">20030128</date><time Sync="TRUE">21434300</time></procstep></lineage></dataqual></metadata>
