<?xml version="1.0"?>
<!--<!DOCTYPE metadata SYSTEM "http://www.esri.com/metadata/esriprof80.dtd">-->
<metadata xml:lang="en"><Esri><MetaID>{A070E47C-E76C-44CC-B50A-B7AE174E1386}</MetaID><CreaDate>20080905</CreaDate><CreaTime>17410700</CreaTime><SyncOnce>TRUE</SyncOnce><DataProperties><lineage><Process Name="Reclassify (3)" ToolSource="C:\Program Files\ArcGIS\ArcToolbox\Toolboxes\Spatial Analyst Tools.tbx\Reclassify" Date="20080905" Time="174107">Reclassify EucDist_trai1 Value "0 1000 1;1001 4000 2;4001 7000 3;7001 10000 4;10001 22260.728515625 5" D:\personal_soft\Courses\USF_courses\EAGIS_grad\2008\Week3\lab2\Lab2_data\partc\rc_trai2 DATA</Process></lineage></DataProperties></Esri></metadata>
