<?xml version="1.0"?>
<!--<!DOCTYPE metadata SYSTEM "http://www.esri.com/metadata/esriprof80.dtd">-->
<metadata xml:lang="en"><Esri><CreaDate>20031006</CreaDate><CreaTime>11354800</CreaTime><SyncOnce>TRUE</SyncOnce><MetaID>{F69CDE4C-1397-4743-AD9C-0CC71B022695}</MetaID></Esri><idinfo><citation><citeinfo><onlink Sync="TRUE">\\ghost\gpylabhome$\gpylab2\GEO6178_New\Labs_Data\Lab3\conservation\financial_support</onlink></citeinfo></citation></idinfo><distInfo><distributor><distorTran><onLineSrc><linkage Sync="TRUE">file://\\ghost\gpylabhome$\gpylab2\GEO6178_New\Labs_Data\Lab3\conservation\financial_support</linkage><protocol Sync="TRUE">Local Area Network</protocol></onLineSrc></distorTran></distributor></distInfo><dataqual><lineage><procstep><procdesc Sync="TRUE">Dataset copied.</procdesc><srcused Sync="TRUE">H:\GEO6178_New\Labs_Data\Lab3\partb\financial_support</srcused><date Sync="TRUE">20031006</date><time Sync="TRUE">11354800</time></procstep></lineage></dataqual></metadata>
