<?xml version="1.0"?>
<!--<!DOCTYPE metadata SYSTEM "http://www.esri.com/metadata/esriprof80.dtd">-->
<metadata xml:lang="en"><Esri><CreaDate>20031006</CreaDate><CreaTime>11345800</CreaTime><SyncOnce>TRUE</SyncOnce><MetaID>{CCD25E28-98EC-4764-A5BF-74F437654A6C}</MetaID></Esri><idinfo><citation><citeinfo><onlink Sync="TRUE">\\ghost\gpylabhome$\gpylab2\GEO6178_New\Labs_Data\Lab3\conservation\1970_lu</onlink></citeinfo></citation></idinfo><distInfo><distributor><distorTran><onLineSrc><linkage Sync="TRUE">file://\\ghost\gpylabhome$\gpylab2\GEO6178_New\Labs_Data\Lab3\conservation\1970_lu</linkage><protocol Sync="TRUE">Local Area Network</protocol></onLineSrc></distorTran></distributor></distInfo><dataqual><lineage><procstep><procdesc Sync="TRUE">Dataset copied.</procdesc><srcused Sync="TRUE">H:\GEO6178_New\Labs_Data\Lab3\partb\1970_lu</srcused><date Sync="TRUE">20031006</date><time Sync="TRUE">11345800</time></procstep></lineage></dataqual></metadata>
