<?xml version="1.0"?>
<!--<!DOCTYPE metadata SYSTEM "http://www.esri.com/metadata/esriprof80.dtd">-->
<metadata xml:lang="en"><Esri><CreaDate>20031006</CreaDate><CreaTime>11342600</CreaTime><SyncOnce>TRUE</SyncOnce><MetaID>{1754AB85-4946-42AF-9905-DED24C64842D}</MetaID></Esri><idinfo><citation><citeinfo><onlink Sync="TRUE">\\ghost\gpylabhome$\gpylab2\GEO6178_New\Labs_Data\Lab3\conservation\waterbodies</onlink></citeinfo></citation></idinfo><distInfo><distributor><distorTran><onLineSrc><linkage Sync="TRUE">file://\\ghost\gpylabhome$\gpylab2\GEO6178_New\Labs_Data\Lab3\conservation\waterbodies</linkage><protocol Sync="TRUE">Local Area Network</protocol></onLineSrc></distorTran></distributor></distInfo><dataqual><lineage><procstep><procdesc Sync="TRUE">Dataset copied.</procdesc><srcused Sync="TRUE">H:\GEO6178_New\Labs_Data\Lab3\partb\waterbodies</srcused><date Sync="TRUE">20031006</date><time Sync="TRUE">11342600</time></procstep></lineage></dataqual></metadata>
