<?xml version="1.0"?>
<!--<!DOCTYPE metadata SYSTEM "http://www.esri.com/metadata/esriprof80.dtd">-->
<metadata xml:lang="en"><Esri><MetaID>{978AD32C-8258-4EA5-9E01-7DE1213F30E4}</MetaID><CreaDate>20080905</CreaDate><CreaTime>10391800</CreaTime><SyncOnce>TRUE</SyncOnce><DataProperties><lineage><Process ToolSource="C:\Program Files\ArcGIS\ArcToolbox\Toolboxes\Spatial Analyst Tools.tbx\EucDistance" Date="20080905" Time="103918">EucDistance bc_campsites D:\personal_soft\Courses\USF_courses\EAGIS_grad\2008\Week3\lab2\Lab2_data\partc\EucDist_bc_c1 # 100 #</Process></lineage></DataProperties></Esri></metadata>
