<?xml version="1.0"?>
<!--<!DOCTYPE metadata SYSTEM "http://www.esri.com/metadata/esriprof80.dtd">-->
<metadata xml:lang="en"><Esri><MetaID>{E2993F03-1F8D-4719-8257-992D5F613AFF}</MetaID><CreaDate>20080905</CreaDate><CreaTime>18053800</CreaTime><SyncOnce>TRUE</SyncOnce><DataProperties><lineage><Process Name="Reclassify (10)" ToolSource="C:\Program Files\ArcGIS\ArcToolbox\Toolboxes\Spatial Analyst Tools.tbx\Reclassify" Date="20080905" Time="180538">Reclassify D:\personal_soft\Courses\USF_courses\EAGIS_grad\2008\Week3\lab2\Lab2_data\partc\rc_bc_c2 VALUE "1 1;1 2 2;2 3 3;3 4 4;4 5 5;5 7000 3" D:\personal_soft\Courses\USF_courses\EAGIS_grad\2008\Week3\lab2\Lab2_data\partc\rc_bc_c3 DATA</Process></lineage></DataProperties></Esri></metadata>
