<?xml version="1.0"?>
<!--<!DOCTYPE metadata SYSTEM "http://www.esri.com/metadata/esriprof80.dtd">-->
<metadata xml:lang="en"><Esri><MetaID>{92780730-988C-45DB-8D6F-E7553253151B}</MetaID><CreaDate>20080905</CreaDate><CreaTime>11333400</CreaTime><SyncOnce>TRUE</SyncOnce><DataProperties><lineage><Process ToolSource="C:\Program Files\ArcGIS\ArcToolbox\Toolboxes\Spatial Analyst Tools.tbx\Reclassify" Date="20080905" Time="113334">Reclassify EucDist_trai1 Value "0 1000 0;1001 22260.728515625 1" D:\personal_soft\Courses\USF_courses\EAGIS_grad\2008\Week3\lab2\Lab2_data\partc\RC_ED_trai1 DATA</Process></lineage></DataProperties></Esri></metadata>
