<?xml version="1.0"?>
<!--<!DOCTYPE metadata SYSTEM "http://www.esri.com/metadata/esriprof80.dtd">-->
<metadata xml:lang="en"><Esri><MetaID>{31E64705-D4EB-4F9F-A2E3-274B94DDF866}</MetaID><CreaDate>20080905</CreaDate><CreaTime>17311400</CreaTime><SyncOnce>TRUE</SyncOnce><DataProperties><lineage><Process Name="Reclassify (2)" ToolSource="C:\Program Files\ArcGIS\ArcToolbox\Toolboxes\Spatial Analyst Tools.tbx\Reclassify" Date="20080905" Time="173114">Reclassify EucDist_camp1 Value "0 2500 1;2501 5000 2;5001 7500 3;7501 10000 4;10000 63481.1796875 5" D:\personal_soft\Courses\USF_courses\EAGIS_grad\2008\Week3\lab2\Lab2_data\partc\rc_camp2 DATA</Process></lineage></DataProperties></Esri></metadata>
