<?xml version="1.0"?>
<!--<!DOCTYPE metadata SYSTEM "http://www.esri.com/metadata/esriprof80.dtd">-->
<metadata xml:lang="en"><Esri><MetaID>{4A136DBB-5489-4F0C-B4B3-FAD6E64F0D64}</MetaID><CreaDate>20080905</CreaDate><CreaTime>10435200</CreaTime><SyncOnce>TRUE</SyncOnce><DataProperties><lineage><Process ToolSource="C:\Program Files\ArcGIS\ArcToolbox\Toolboxes\Spatial Analyst Tools.tbx\EucDistance" Date="20080905" Time="104352">EucDistance trails D:\personal_soft\Courses\USF_courses\EAGIS_grad\2008\Week3\lab2\Lab2_data\partc\EucDist_trai1 # 100 #</Process></lineage></DataProperties></Esri></metadata>
