<?xml version="1.0"?>
<!--<!DOCTYPE metadata SYSTEM "http://www.esri.com/metadata/esriprof80.dtd">-->
<metadata xml:lang="en"><Esri><MetaID>{12A0D3FF-44A7-4BA2-B4D8-CBBCC2BC2E04}</MetaID><CreaDate>20080905</CreaDate><CreaTime>18173300</CreaTime><SyncOnce>TRUE</SyncOnce><DataProperties><lineage><Process Name="Weighted Overlay" ToolSource="C:\Program Files\ArcGIS\ArcToolbox\Toolboxes\Spatial Analyst Tools.tbx\WeightedOverlay" Date="20080905" Time="181733">WeightedOverlay "('rc_road3' 20 'VALUE' (1 Restricted; 2 2; 3 2; 4 3; 5 3;NODATA NODATA); 'D:\personal_soft\Courses\USF_courses\EAGIS_grad\2008\Week3\lab2\Lab2_data\partc\rc_camp3' 20 'VALUE' (1 Restricted; 2 2; 3 3; 4 4; 5 5;NODATA NODATA); 'D:\personal_soft\Courses\USF_courses\EAGIS_grad\2008\Week3\lab2\Lab2_data\partc\rc_trai3' 10 'VALUE' (1 Restricted; 2 2; 3 3; 4 4; 5 5;NODATA NODATA); 'D:\personal_soft\Courses\USF_courses\EAGIS_grad\2008\Week3\lab2\Lab2_data\partc\rc_bc_c3' 10 'VALUE' (1 Restricted; 2 2; 3 3; 4 4; 5 5;NODATA NODATA); 'D:\personal_soft\Courses\USF_courses\EAGIS_grad\2008\Week3\lab2\Lab2_data\partc\rc_veg2' 30 'VALUE' (1 1; 4 4; 5 5;NODATA NODATA); 'D:\personal_soft\Courses\USF_courses\EAGIS_grad\2008\Week3\lab2\Lab2_data\partc\rc_elev2' 10 'VALUE' (4 4; 5 5;NODATA NODATA));1 5 1" D:\personal_soft\Courses\USF_courses\EAGIS_grad\2008\Week3\lab2\Lab2_data\partc\W_area1</Process></lineage></DataProperties></Esri></metadata>
