<?xml version="1.0"?>
<!--<!DOCTYPE metadata SYSTEM "http://www.esri.com/metadata/esriprof80.dtd">-->
<metadata xml:lang="en"><Esri><MetaID>{C9C1CD98-534C-4555-92AA-380F872AF86F}</MetaID><CreaDate>20080905</CreaDate><CreaTime>18043000</CreaTime><SyncOnce>TRUE</SyncOnce><DataProperties><lineage><Process Name="Reclassify (9)" ToolSource="C:\Program Files\ArcGIS\ArcToolbox\Toolboxes\Spatial Analyst Tools.tbx\Reclassify" Date="20080905" Time="180430">Reclassify D:\personal_soft\Courses\USF_courses\EAGIS_grad\2008\Week3\lab2\Lab2_data\partc\rc_trai2 VALUE "1 1;1 2 2;2 3 3;3 4 4;4 5 5;5 7000 3;7000 10000 4" D:\personal_soft\Courses\USF_courses\EAGIS_grad\2008\Week3\lab2\Lab2_data\partc\rc_trai3 DATA</Process></lineage></DataProperties></Esri></metadata>
