<?xml version="1.0"?>
<!--<!DOCTYPE metadata SYSTEM "http://www.esri.com/metadata/esriprof80.dtd">-->
<metadata xml:lang="en"><Esri><MetaID>{A7771AD2-7A54-48CD-8362-DC3A88CC3A15}</MetaID><CreaDate>20080905</CreaDate><CreaTime>15360400</CreaTime><SyncOnce>TRUE</SyncOnce><DataProperties><lineage><Process ToolSource="C:\Program Files\ArcGIS\ArcToolbox\Toolboxes\Spatial Analyst Tools.tbx\Reclassify" Date="20080905" Time="153604">Reclassify raster_pack1 VALUE "1 0;NODATA 1" D:\personal_soft\Courses\USF_courses\EAGIS_grad\2008\Week3\lab2\Lab2_data\partc\RC_pack2 DATA</Process></lineage></DataProperties></Esri></metadata>
