<?xml version="1.0"?>
<!--<!DOCTYPE metadata SYSTEM "http://www.esri.com/metadata/esriprof80.dtd">-->
<metadata xml:lang="en"><Esri><MetaID>{BE3D0F88-940A-4486-A12F-92F02DDB1197}</MetaID><CreaDate>20080905</CreaDate><CreaTime>19301800</CreaTime><SyncOnce>TRUE</SyncOnce><DataProperties><lineage><Process ToolSource="C:\Program Files\ArcGIS\ArcToolbox\Toolboxes\Spatial Analyst Tools.tbx\Con" Date="20080905" Time="193018">Con w_area7 w_area7 D:\personal_soft\Courses\USF_courses\EAGIS_grad\2008\Week3\lab2\Lab2_data\partc\w_area8 # "Value = 3"</Process></lineage></DataProperties></Esri></metadata>
