<?xml version="1.0"?>
<!--<!DOCTYPE metadata SYSTEM "http://www.esri.com/metadata/esriprof80.dtd">-->
<metadata xml:lang="en"><Esri><MetaID>{A8EEA42C-1729-47EC-AFD0-378FA72CEF17}</MetaID><CreaDate>20080905</CreaDate><CreaTime>11410400</CreaTime><SyncOnce>TRUE</SyncOnce><DataProperties><lineage><Process ToolSource="C:\Program Files\ArcGIS\ArcToolbox\Toolboxes\Spatial Analyst Tools.tbx\Reclassify" Date="20080905" Time="114104">Reclassify lcov_yel VALUE "1 4 1;5 9 0;10 1;11 15 0" D:\personal_soft\Courses\USF_courses\EAGIS_grad\2008\Week3\lab2\Lab2_data\partc\RC_veg1 DATA</Process></lineage></DataProperties></Esri></metadata>
