<?xml version="1.0"?>
<!--<!DOCTYPE metadata SYSTEM "http://www.esri.com/metadata/esriprof80.dtd">-->
<metadata xml:lang="en"><Esri><CreaDate>20030128</CreaDate><CreaTime>21435600</CreaTime><SyncOnce>TRUE</SyncOnce><MetaID>{2FA0C64D-A051-48D4-9B33-779E97C2F93C}</MetaID></Esri><idinfo><citation><citeinfo><onlink Sync="TRUE">\\U230180\C$\Geo6159\Labs_Data\lab2\wolves\boundary</onlink></citeinfo></citation></idinfo><distInfo><distributor><distorTran><onLineSrc><linkage Sync="TRUE">file://\\U230180\C$\Geo6159\Labs_Data\lab2\wolves\boundary</linkage><protocol Sync="TRUE">Local Area Network</protocol></onLineSrc></distorTran></distributor></distInfo><dataqual><lineage><procstep><procdesc Sync="TRUE">Dataset copied.</procdesc><srcused Sync="TRUE">C:\Geo6159\Labs_Data\lab2work\lab9\partb\boundary</srcused><date Sync="TRUE">20030128</date><time Sync="TRUE">21435600</time></procstep></lineage></dataqual></metadata>
