<?xml version="1.0"?>
<!--<!DOCTYPE metadata SYSTEM "http://www.esri.com/metadata/esriprof80.dtd">-->
<metadata xml:lang="en"><Esri><MetaID>{9160DD97-8D16-4A73-80C5-AE540C141A9B}</MetaID><CreaDate>20080905</CreaDate><CreaTime>11364200</CreaTime><SyncOnce>TRUE</SyncOnce><DataProperties><lineage><Process ToolSource="C:\Program Files\ArcGIS\ArcToolbox\Toolboxes\Spatial Analyst Tools.tbx\Reclassify" Date="20080905" Time="113642">Reclassify elev_yel VALUE "1544 3000 1;3001 3578 0" D:\personal_soft\Courses\USF_courses\EAGIS_grad\2008\Week3\lab2\Lab2_data\partc\RC_elev1 DATA</Process></lineage></DataProperties></Esri></metadata>
