<?xml version="1.0" encoding="UTF-8"?>
<metadata xml:lang="en"><Esri><CreaDate>20120627</CreaDate><CreaTime>01404000</CreaTime><ArcGISFormat>1.0</ArcGISFormat><SyncOnce>FALSE</SyncOnce><DataProperties><lineage><Process ToolSource="C:\ArcGIS\Desktop10.0\ArcToolbox\Toolboxes\Data Management Tools.tbx\CalculateStatistics" Date="20120627" Time="014040">CalculateStatistics T:\ned\holding\ned_1\dem10740 1 1 #</Process><Process ToolSource="C:\ArcGIS\Desktop10.0\ArcToolbox\Toolboxes\Data Management Tools.tbx\BuildPyramids" Date="20120628" Time="130207">BuildPyramids T:\ned\holding\ned_1\dem10740</Process></lineage><itemProps><itemName Sync="TRUE">dem_prj</itemName><itemLocation><linkage Sync="TRUE">file://C:\Student\TerrainAnalysis\dem_prj</linkage><protocol Sync="TRUE">Local Area Network</protocol></itemLocation><imsContentType Sync="TRUE">002</imsContentType><nativeExtBox><westBL Sync="TRUE">786368.649786</westBL><eastBL Sync="TRUE">870436.652027</eastBL><southBL Sync="TRUE">311002.988203</southBL><northBL Sync="TRUE">379112.876516</northBL><exTypeCode Sync="TRUE">1</exTypeCode></nativeExtBox></itemProps><coordRef><type Sync="TRUE">Projected</type><geogcsn Sync="TRUE">GCS_North_American_1983</geogcsn><csUnits Sync="TRUE">Linear Unit: Meter (1.000000)</csUnits><peXml Sync="TRUE">&lt;ProjectedCoordinateSystem xsi:type='typens:ProjectedCoordinateSystem' xmlns:xsi='http://www.w3.org/2001/XMLSchema-instance' xmlns:xs='http://www.w3.org/2001/XMLSchema' xmlns:typens='http://www.esri.com/schemas/ArcGIS/10.4'&gt;&lt;WKT&gt;PROJCS[&amp;quot;NAD_1983_StatePlane_Colorado_North_FIPS_0501&amp;quot;,GEOGCS[&amp;quot;GCS_North_American_1983&amp;quot;,DATUM[&amp;quot;D_North_American_1983&amp;quot;,SPHEROID[&amp;quot;GRS_1980&amp;quot;,6378137.0,298.257222101]],PRIMEM[&amp;quot;Greenwich&amp;quot;,0.0],UNIT[&amp;quot;Degree&amp;quot;,0.0174532925199433]],PROJECTION[&amp;quot;Lambert_Conformal_Conic&amp;quot;],PARAMETER[&amp;quot;False_Easting&amp;quot;,914401.8289],PARAMETER[&amp;quot;False_Northing&amp;quot;,304800.6096],PARAMETER[&amp;quot;Central_Meridian&amp;quot;,-105.5],PARAMETER[&amp;quot;Standard_Parallel_1&amp;quot;,39.71666666666667],PARAMETER[&amp;quot;Standard_Parallel_2&amp;quot;,40.78333333333333],PARAMETER[&amp;quot;Latitude_Of_Origin&amp;quot;,39.33333333333334],UNIT[&amp;quot;Meter&amp;quot;,1.0],AUTHORITY[&amp;quot;EPSG&amp;quot;,26953]]&lt;/WKT&gt;&lt;XOrigin&gt;-36047400&lt;/XOrigin&gt;&lt;YOrigin&gt;-29011000&lt;/YOrigin&gt;&lt;XYScale&gt;121844705.27329554&lt;/XYScale&gt;&lt;ZOrigin&gt;-100000&lt;/ZOrigin&gt;&lt;ZScale&gt;10000&lt;/ZScale&gt;&lt;MOrigin&gt;-100000&lt;/MOrigin&gt;&lt;MScale&gt;10000&lt;/MScale&gt;&lt;XYTolerance&gt;0.001&lt;/XYTolerance&gt;&lt;ZTolerance&gt;0.001&lt;/ZTolerance&gt;&lt;MTolerance&gt;0.001&lt;/MTolerance&gt;&lt;HighPrecision&gt;true&lt;/HighPrecision&gt;&lt;WKID&gt;26953&lt;/WKID&gt;&lt;LatestWKID&gt;26953&lt;/LatestWKID&gt;&lt;/ProjectedCoordinateSystem&gt;</peXml><projcsn Sync="TRUE">NAD_1983_StatePlane_Colorado_North_FIPS_0501</projcsn></coordRef><RasterProperties><General><PixelDepth Sync="TRUE">32</PixelDepth><HasColormap Sync="TRUE">FALSE</HasColormap><CompressionType Sync="TRUE">None</CompressionType><NumBands Sync="TRUE">1</NumBands><Format Sync="TRUE">GRID</Format><HasPyramids Sync="TRUE">TRUE</HasPyramids><SourceType Sync="TRUE">continuous</SourceType><PixelType Sync="TRUE">floating point</PixelType><NoDataValue Sync="TRUE">-3.4028231e+038</NoDataValue></General></RasterProperties></DataProperties><SyncDate>20170219</SyncDate><SyncTime>23143100</SyncTime><ModDate>20170219</ModDate><ModTime>23143100</ModTime></Esri><dataIdInfo><envirDesc Sync="TRUE"> Version 6.2 (Build 9200) ; Esri ArcGIS 10.4.0.5524</envirDesc><dataLang><languageCode value="eng" Sync="TRUE"></languageCode><countryCode value="USA" Sync="TRUE"></countryCode></dataLang><idCitation><resTitle Sync="TRUE">dem_prj</resTitle><presForm><PresFormCd value="005" Sync="TRUE"></PresFormCd></presForm></idCitation><spatRpType><SpatRepTypCd value="002" Sync="TRUE"></SpatRepTypCd></spatRpType><dataExt><geoEle><GeoBndBox esriExtentType="search"><exTypeCode Sync="TRUE">1</exTypeCode><westBL Sync="TRUE">-106.999291</westBL><eastBL Sync="TRUE">-106.010293</eastBL><northBL Sync="TRUE">40.001484</northBL><southBL Sync="TRUE">39.379533</southBL></GeoBndBox></geoEle></dataExt></dataIdInfo><mdLang><languageCode value="eng" Sync="TRUE"></languageCode><countryCode value="USA" Sync="TRUE"></countryCode></mdLang><mdChar><CharSetCd value="004" Sync="TRUE"></CharSetCd></mdChar><distInfo><distFormat><formatName Sync="TRUE">Raster Dataset</formatName></distFormat></distInfo><mdHrLv><ScopeCd value="005" Sync="TRUE"></ScopeCd></mdHrLv><mdHrLvName Sync="TRUE">dataset</mdHrLvName><refSysInfo><RefSystem><refSysID><identCode code="26953" Sync="TRUE"></identCode><idCodeSpace Sync="TRUE">EPSG</idCodeSpace><idVersion Sync="TRUE">2.1(3.0.1)</idVersion></refSysID></RefSystem></refSysInfo><spatRepInfo><Georect><cellGeo><CellGeoCd Sync="TRUE" value="002"></CellGeoCd></cellGeo><numDims Sync="TRUE">2</numDims><tranParaAv Sync="TRUE">1</tranParaAv><chkPtAv Sync="TRUE">0</chkPtAv><cornerPts><pos Sync="TRUE">786368.649786 311002.988203</pos></cornerPts><cornerPts><pos Sync="TRUE">786368.649786 379112.876516</pos></cornerPts><cornerPts><pos Sync="TRUE">870436.652027 379112.876516</pos></cornerPts><cornerPts><pos Sync="TRUE">870436.652027 311002.988203</pos></cornerPts><centerPt><pos Sync="TRUE">828402.650906 345057.932360</pos></centerPt><axisDimension type="002"><dimSize Sync="TRUE">3066</dimSize><dimResol><value Sync="TRUE" uom="m">27.419440</value></dimResol></axisDimension><axisDimension type="001"><dimSize Sync="TRUE">2484</dimSize><dimResol><value Sync="TRUE" uom="m">27.419440</value></dimResol></axisDimension><ptInPixel><PixOrientCd Sync="TRUE" value="001"></PixOrientCd></ptInPixel></Georect></spatRepInfo><contInfo><ImgDesc><contentTyp><ContentTypCd Sync="TRUE" value="003"></ContentTypCd></contentTyp><covDim><Band><dimDescrp Sync="TRUE">dem_prj</dimDescrp><maxVal Sync="TRUE">4346.433594</maxVal><minVal Sync="TRUE">1893.769409</minVal><bitsPerVal Sync="TRUE">32</bitsPerVal><valUnit><UOM type="length"></UOM></valUnit></Band></covDim></ImgDesc></contInfo><mdDateSt Sync="TRUE">20170219</mdDateSt></metadata>
