<?xml version="1.0"?>
<!--<!DOCTYPE metadata SYSTEM "http://www.esri.com/metadata/esriprof80.dtd">-->
<metadata xml:lang="en"><Esri><MetaID>{30F4845C-73D8-45FE-A8FF-6E5844A0800D}</MetaID><CreaDate>20080905</CreaDate><CreaTime>19285300</CreaTime><SyncOnce>TRUE</SyncOnce><DataProperties><lineage><Process ToolSource="C:\Program Files\ArcGIS\ArcToolbox\Toolboxes\Spatial Analyst Tools.tbx\Reclassify" Date="20080905" Time="192853">Reclassify w_area2 VALUE "0 1;2 2;3 3;4 3;5 3" D:\personal_soft\Courses\USF_courses\EAGIS_grad\2008\Week3\lab2\Lab2_data\partc\w_area7 DATA</Process></lineage></DataProperties></Esri></metadata>
