<?xml version="1.0"?>
<!--<!DOCTYPE metadata SYSTEM "http://www.esri.com/metadata/esriprof80.dtd">-->
<metadata xml:lang="en"><Esri><MetaID>{965F10FD-1FC5-456F-A343-FEA94DC877CA}</MetaID><CreaDate>20080905</CreaDate><CreaTime>10454100</CreaTime><SyncOnce>TRUE</SyncOnce><DataProperties><lineage><Process ToolSource="C:\Program Files\ArcGIS\ArcToolbox\Toolboxes\Spatial Analyst Tools.tbx\EucDistance" Date="20080905" Time="104541">EucDistance roads D:\personal_soft\Courses\USF_courses\EAGIS_grad\2008\Week3\lab2\Lab2_data\partc\EucDist_road1 # 100 #</Process></lineage></DataProperties></Esri></metadata>
