<?xml version="1.0"?>
<!--<!DOCTYPE metadata SYSTEM "http://www.esri.com/metadata/esriprof80.dtd">-->
<metadata xml:lang="en"><Esri><MetaID>{003F0D5F-1844-481B-89F0-9FDEE70DD25B}</MetaID><CreaDate>20080905</CreaDate><CreaTime>18311100</CreaTime><SyncOnce>TRUE</SyncOnce><DataProperties><lineage><Process Name="Con" ToolSource="C:\Program Files\ArcGIS\ArcToolbox\Toolboxes\Spatial Analyst Tools.tbx\Con" Date="20080905" Time="183111">Con w_area2 w_area2 D:\personal_soft\Courses\USF_courses\EAGIS_grad\2008\Week3\lab2\Lab2_data\partc\w_area3 # "Value = 4"</Process></lineage></DataProperties></Esri></metadata>
