<?xml version="1.0"?>
<!--<!DOCTYPE metadata SYSTEM "http://www.esri.com/metadata/esriprof80.dtd">-->
<metadata xml:lang="en"><Esri><MetaID>{89D6D0CA-88FA-46D7-A3F8-159CE0941EC4}</MetaID><CreaDate>20080905</CreaDate><CreaTime>17540000</CreaTime><SyncOnce>TRUE</SyncOnce><DataProperties><lineage><Process Name="Reclassify (6)" ToolSource="C:\Program Files\ArcGIS\ArcToolbox\Toolboxes\Spatial Analyst Tools.tbx\Reclassify" Date="20080905" Time="175400">Reclassify elev_yel VALUE "1500 3000 5;3001 3401 4;3401 3578 3" D:\personal_soft\Courses\USF_courses\EAGIS_grad\2008\Week3\lab2\Lab2_data\partc\rc_elev2 DATA</Process></lineage></DataProperties></Esri></metadata>
