<?xml version="1.0"?>
<!--<!DOCTYPE metadata SYSTEM "http://www.esri.com/metadata/esriprof80.dtd">-->
<metadata xml:lang="en"><Esri><CreaDate>20030128</CreaDate><CreaTime>21440000</CreaTime><SyncOnce>TRUE</SyncOnce><MetaID>{09397E36-AFF0-4335-ADA7-6DB62962AD76}</MetaID></Esri><idinfo><citation><citeinfo><onlink Sync="TRUE">\\U230180\C$\Geo6159\Labs_Data\lab2\wolves\campsites</onlink></citeinfo></citation></idinfo><distInfo><distributor><distorTran><onLineSrc><linkage Sync="TRUE">file://\\U230180\C$\Geo6159\Labs_Data\lab2\wolves\campsites</linkage><protocol Sync="TRUE">Local Area Network</protocol></onLineSrc></distorTran></distributor></distInfo><dataqual><lineage><procstep><procdesc Sync="TRUE">Dataset copied.</procdesc><srcused Sync="TRUE">C:\Geo6159\Labs_Data\lab2work\lab9\partb\campsites</srcused><date Sync="TRUE">20030128</date><time Sync="TRUE">21440000</time></procstep></lineage></dataqual></metadata>
