<?xml version="1.0"?>
<!--<!DOCTYPE metadata SYSTEM "http://www.esri.com/metadata/esriprof80.dtd">-->
<metadata xml:lang="en"><Esri><MetaID>{F7618CA6-09E8-403A-A9D4-669CF7F5E48A}</MetaID><CreaDate>20080905</CreaDate><CreaTime>18504400</CreaTime><SyncOnce>TRUE</SyncOnce><DataProperties><lineage><Process ToolSource="C:\Program Files\ArcGIS\ArcToolbox\Toolboxes\Conversion Tools.tbx\RasterToPolygon" Date="20080905" Time="185044">RasterToPolygon w_area2 D:\personal_soft\Courses\USF_courses\EAGIS_grad\2008\Week3\lab2\Lab2_data\partc\ttt.shp SIMPLIFY VALUE</Process></lineage></DataProperties></Esri></metadata>
