<?xml version="1.0"?>
<!--<!DOCTYPE metadata SYSTEM "http://www.esri.com/metadata/esriprof80.dtd">-->
<metadata xml:lang="en"><Esri><CreaDate>20030128</CreaDate><CreaTime>21435200</CreaTime><SyncOnce>TRUE</SyncOnce><MetaID>{B4EE1FA6-9879-41D8-876C-A824798DD5E3}</MetaID></Esri><idinfo><citation><citeinfo><onlink Sync="TRUE">\\U230180\C$\Geo6159\Labs_Data\lab2\wolves\wolfpacks</onlink></citeinfo></citation></idinfo><distInfo><distributor><distorTran><onLineSrc><linkage Sync="TRUE">file://\\U230180\C$\Geo6159\Labs_Data\lab2\wolves\wolfpacks</linkage><protocol Sync="TRUE">Local Area Network</protocol></onLineSrc></distorTran></distributor></distInfo><dataqual><lineage><procstep><procdesc Sync="TRUE">Dataset copied.</procdesc><srcused Sync="TRUE">C:\Geo6159\Labs_Data\lab2work\lab9\partb\wolfpacks</srcused><date Sync="TRUE">20030128</date><time Sync="TRUE">21435200</time></procstep></lineage></dataqual></metadata>
