<?xml version="1.0"?>
<!--<!DOCTYPE metadata SYSTEM "http://www.esri.com/metadata/esriprof80.dtd">-->
<metadata xml:lang="en"><Esri><CreaDate>20030128</CreaDate><CreaTime>22012900</CreaTime><SyncOnce>TRUE</SyncOnce><MetaID>{E3D2320C-3AB3-4E1F-9C77-A91A074BE72F}</MetaID></Esri><idinfo><citation><citeinfo><onlink Sync="TRUE">\\U230180\C$\Geo6159\Labs_Data\lab2\wolves\elev_yel</onlink></citeinfo></citation></idinfo><distInfo><distributor><distorTran><onLineSrc><linkage Sync="TRUE">file://\\U230180\C$\Geo6159\Labs_Data\lab2\wolves\elev_yel</linkage><protocol Sync="TRUE">Local Area Network</protocol></onLineSrc></distorTran></distributor></distInfo><dataqual><lineage><procstep><procdesc Sync="TRUE">Dataset copied.</procdesc><srcused Sync="TRUE">C:\Geo5157_Fall2002\lab7\partc\elev_yel</srcused><date Sync="TRUE">20030128</date><time Sync="TRUE">22013000</time></procstep></lineage></dataqual></metadata>
