<?xml version="1.0"?>
<!--<!DOCTYPE metadata SYSTEM "http://www.esri.com/metadata/esriprof80.dtd">-->
<metadata xml:lang="en"><Esri><MetaID>{9C5354E0-032C-40E7-829E-DFDB753F9547}</MetaID><CreaDate>20080905</CreaDate><CreaTime>17500200</CreaTime><SyncOnce>TRUE</SyncOnce><DataProperties><lineage><Process Name="Reclassify (5)" ToolSource="C:\Program Files\ArcGIS\ArcToolbox\Toolboxes\Spatial Analyst Tools.tbx\Reclassify" Date="20080905" Time="175002">Reclassify lcov_yel VALUE "1 4 5;5 9 1;10 4;11 15 1" D:\personal_soft\Courses\USF_courses\EAGIS_grad\2008\Week3\lab2\Lab2_data\partc\rc_veg2 DATA</Process></lineage></DataProperties></Esri></metadata>
