<?xml version="1.0"?>
<!--<!DOCTYPE metadata SYSTEM "http://www.esri.com/metadata/esriprof80.dtd">-->
<metadata xml:lang="en"><Esri><MetaID>{260E243C-F9AB-49E0-9B95-2D50986B2E7D}</MetaID><CreaDate>20080905</CreaDate><CreaTime>11014900</CreaTime><SyncOnce>TRUE</SyncOnce><DataProperties><lineage><Process ToolSource="C:\Program Files\ArcGIS\ArcToolbox\Toolboxes\Spatial Analyst Tools.tbx\Reclassify" Date="20080905" Time="110149">Reclassify EucDist_bc_c1 Value "0 1000 0;1001 25524.890625 1" D:\personal_soft\Courses\USF_courses\EAGIS_grad\2008\Week3\lab2\Lab2_data\partc\RC_ED_bc_c1 DATA</Process></lineage></DataProperties></Esri></metadata>
